"Ashes of the Abhorrent",1,rare,Ixalan,2
"Bishop's Soldier",3,common,Ixalan,6
"Emissary of Sunrise",1,uncommon,Ixalan,10
"Goring Ceratops",1,rare,Ixalan,13
"Inspiring Cleric",2,uncommon,Ixalan,16
"Kinjalli's Sunwing",1,rare,Ixalan,19
"Paladin of the Bloodstained",2,common,Ixalan,25
"Priest of the Wakening Sun",1,rare,Ixalan,27
"Settle the Wreckage",1,rare,Ixalan,34
"Chart a Course",4,uncommon,Ixalan,48
"Daring Saboteur",1,rare,Ixalan,49
"Dive Down",4,common,Ixalan,53
"Dreamcaller Siren",2,rare,Ixalan,54
"Entrancing Melody",1,rare,Ixalan,55
"Favorable Winds",1,uncommon,Ixalan,56
"Herald of Secret Streams",1,rare,Ixalan,59
"River Sneak",3,uncommon,Ixalan,70
"River's Rebuke",1,rare,Ixalan,71
"Search for Azcanta",2,rare,Ixalan,74
"Siren Stormtamer",4,uncommon,Ixalan,79
"Spell Pierce",3,common,Ixalan,81
"Tempest Caller",2,uncommon,Ixalan,86
"Watertrap Weaver",3,common,Ixalan,87
"Arguel's Blood Fast",1,rare,Ixalan,90
"Costly Plunder",2,common,Ixalan,96
"Deadeye Tracker",1,rare,Ixalan,99
"Kitesail Freebooter",4,uncommon,Ixalan,110
"Lurking Chupacabra",1,uncommon,Ixalan,111
"Raiders' Wake",1,uncommon,Ixalan,116
"Ruin Raider",1,rare,Ixalan,118
"Ruthless Knave",1,uncommon,Ixalan,119
"Sanctum Seeker",1,rare,Ixalan,120
"Skulduggery",2,common,Ixalan,123
"Skymarch Bloodletter",4,common,Ixalan,124
"Vraska's Contempt",2,rare,Ixalan,129
"Burning Sun's Avatar",2,rare,Ixalan,135
"Captivating Crew",1,rare,Ixalan,137
"Charging Monstrosaur",4,uncommon,Ixalan,138
"Fiery Cannonade",3,uncommon,Ixalan,143
"Frenzied Raptor",2,common,Ixalan,146
"Lightning Strike",4,uncommon,Ixalan,149
"Otepec Huntmaster",1,uncommon,Ixalan,153
"Raptor Hatchling",3,uncommon,Ixalan,155
"Repeating Barrage",2,rare,Ixalan,156
"Rigging Runner",1,uncommon,Ixalan,157
"Rowdy Crew",1,mythic,Ixalan,159
"Wily Goblin",2,uncommon,Ixalan,174
"Atzocan Archer",1,uncommon,Ixalan,176
"Carnage Tyrant",1,mythic,Ixalan,179
"Deeproot Champion",1,rare,Ixalan,185
"Drover of the Mighty",1,uncommon,Ixalan,187
"Kumena's Speaker",4,uncommon,Ixalan,196
"Merfolk Branchwalker",4,uncommon,Ixalan,197
"River Heralds' Boon",3,common,Ixalan,204
"Savage Stomp",1,uncommon,Ixalan,205
"Slice in Twain",1,uncommon,Ixalan,207
"Verdant Rebirth",1,uncommon,Ixalan,212
"Admiral Beckett Brass",1,mythic,Ixalan,217
"Call to the Feast",3,uncommon,Ixalan,219
"Deadeye Plunderers",1,uncommon,Ixalan,220
"Dire Fleet Captain",1,uncommon,Ixalan,221
"Hostage Taker",2,rare,Ixalan,223
"Gilded Sentinel",2,common,Ixalan,239
"Pillar of Origins",1,uncommon,Ixalan,241
"Dragonskull Summit",1,rare,Ixalan,252
"Drowned Catacomb",1,rare,Ixalan,253
"Field of Ruin",2,uncommon,Ixalan,254
"Glacial Fortress",1,rare,Ixalan,255
"Rootbound Crag",1,rare,Ixalan,256
"Sunpetal Grove",1,rare,Ixalan,257
"Blazing Hope",1,uncommon,Rivals of Ixalan,3
"Famished Paladin",1,uncommon,Rivals of Ixalan,8
"Luminous Bonds",4,common,Rivals of Ixalan,12
"Martyr of Dusk",2,common,Rivals of Ixalan,14
"Moment of Triumph",2,common,Rivals of Ixalan,15
"Paladin of Atonement",1,rare,Rivals of Ixalan,16
"Radiant Destiny",1,rare,Rivals of Ixalan,18
"Zetalpa, Primal Dawn",1,rare,Rivals of Ixalan,30
"Crafty Cutpurse",1,rare,Rivals of Ixalan,33
"Curious Obsession",4,uncommon,Rivals of Ixalan,35
"Deadeye Rig-Hauler",2,common,Rivals of Ixalan,36
"Expel from Orazca",1,uncommon,Rivals of Ixalan,37
"Hornswoggle",1,uncommon,Rivals of Ixalan,39
"Kitesail Corsair",3,common,Rivals of Ixalan,41
"Mist-Cloaked Herald",4,common,Rivals of Ixalan,43
"Negate",4,common,Rivals of Ixalan,44
"Nezahal, Primal Tide",1,rare,Rivals of Ixalan,45
"Riverwise Augur",2,uncommon,Rivals of Ixalan,48
"Seafloor Oracle",1,rare,Rivals of Ixalan,51
"Silvergill Adept",4,uncommon,Rivals of Ixalan,53
"Siren Reaver",3,uncommon,Rivals of Ixalan,54
"Warkite Marauder",1,rare,Rivals of Ixalan,60
"Waterknot",3,common,Rivals of Ixalan,61
"Champion of Dusk",1,rare,Rivals of Ixalan,64
"Dire Fleet Poisoner",1,rare,Rivals of Ixalan,68
"Fathom Fleet Boarder",2,common,Rivals of Ixalan,71
"Forerunner of the Coalition",1,uncommon,Rivals of Ixalan,72
"Golden Demise",1,uncommon,Rivals of Ixalan,73
"Grasping Scoundrel",3,common,Rivals of Ixalan,74
"Pitiless Plunderer",2,uncommon,Rivals of Ixalan,81
"Ravenous Chupacabra",4,uncommon,Rivals of Ixalan,82
"Sadistic Skymarcher",1,uncommon,Rivals of Ixalan,85
"Twilight Prophet",1,mythic,Rivals of Ixalan,88
"Blood Sun",1,rare,Rivals of Ixalan,92
"Charging Tuskodon",2,uncommon,Rivals of Ixalan,97
"Etali, Primal Storm",1,rare,Rivals of Ixalan,100
"Fanatical Firebrand",4,common,Rivals of Ixalan,101
"Needletooth Raptor",1,uncommon,Rivals of Ixalan,107
"Rekindling Phoenix",2,mythic,Rivals of Ixalan,111
"Silverclad Ferocidons",1,rare,Rivals of Ixalan,115
"Cherished Hatchling",2,uncommon,Rivals of Ixalan,124
"Deeproot Elite",1,rare,Rivals of Ixalan,127
"Ghalta, Primal Hunger",2,rare,Rivals of Ixalan,130
"Jade Bearer",3,common,Rivals of Ixalan,134
"Jadelight Ranger",1,rare,Rivals of Ixalan,136
"Jungleborn Pioneer",2,common,Rivals of Ixalan,137
"Knight of the Stampede",2,common,Rivals of Ixalan,138
"Path of Discovery",1,rare,Rivals of Ixalan,142
"Plummet",2,common,Rivals of Ixalan,143
"Tendershoot Dryad",1,rare,Rivals of Ixalan,147
"Atzocan Seer",1,uncommon,Rivals of Ixalan,153
"Azor, the Lawbringer",1,mythic,Rivals of Ixalan,154
"Dire Fleet Neckbreaker",1,uncommon,Rivals of Ixalan,156
"Kumena, Tyrant of Orazca",1,mythic,Rivals of Ixalan,162
"Legion Lieutenant",3,uncommon,Rivals of Ixalan,163
"Merfolk Mistbinder",4,uncommon,Rivals of Ixalan,164
"Siegehorn Ceratops",1,rare,Rivals of Ixalan,171
"The Immortal Sun",2,mythic,Rivals of Ixalan,180
"Forsaken Sanctuary",1,uncommon,Rivals of Ixalan,187
"Woodland Stream",1,uncommon,Rivals of Ixalan,191
"Swab Goblin",2,common,Rivals of Ixalan,203
"Adamant Will",3,common,Dominaria,2
"Aven Sentry",1,common,Dominaria,3
"Baird, Steward of Argive",1,uncommon,Dominaria,4
"Benalish Honor Guard",1,common,Dominaria,5
"Blessed Light",2,common,Dominaria,7
"Charge",1,common,Dominaria,10
"D'Avenant Trapper",2,common,Dominaria,11
"Danitha Capashen, Paragon",2,uncommon,Dominaria,12
"Dauntless Bodyguard",4,uncommon,Dominaria,14
"Dub",2,common,Dominaria,15
"Excavation Elephant",1,common,Dominaria,17
"Gideon's Reproach",2,common,Dominaria,19
"Healing Grace",2,common,Dominaria,20
"History of Benalia",2,mythic,Dominaria,21
"Invoke the Divine",2,common,Dominaria,22
"Knight of Grace",1,uncommon,Dominaria,23
"Knight of New Benalia",2,common,Dominaria,24
"Kwende, Pride of Femeref",3,uncommon,Dominaria,25
"Mesa Unicorn",3,common,Dominaria,27
"On Serra's Wings",1,uncommon,Dominaria,28
"Pegasus Courser",2,common,Dominaria,29
"Seal Away",3,uncommon,Dominaria,31
"Sergeant-at-Arms",3,common,Dominaria,32
"Serra Angel",4,uncommon,Dominaria,33
"Shalai, Voice of Plenty",2,rare,Dominaria,35
"Teshar, Ancestor's Apostle",1,rare,Dominaria,36
"Tragic Poet",4,common,Dominaria,37
"Triumph of Gerrard",2,uncommon,Dominaria,38
"Academy Drake",1,common,Dominaria,40
"Academy Journeymage",1,common,Dominaria,41
"Arcane Flight",2,common,Dominaria,43
"Artificer's Assistant",3,common,Dominaria,44
"Befuddle",2,common,Dominaria,45
"Blink of an Eye",3,common,Dominaria,46
"Curator's Ward",2,uncommon,Dominaria,49
"Deep Freeze",3,common,Dominaria,50
"Divination",1,common,Dominaria,52
"Homarid Explorer",2,common,Dominaria,53
"In Bolas's Clutches",1,uncommon,Dominaria,54
"Merfolk Trickster",4,uncommon,Dominaria,56
"The Mirari Conjecture",1,rare,Dominaria,57
"Opt",4,common,Dominaria,60
"Relic Runner",2,common,Dominaria,62
"Rescue",1,common,Dominaria,63
"Sage of Lat-Nam",1,uncommon,Dominaria,64
"Sentinel of the Pearl Trident",1,uncommon,Dominaria,65
"Slinn Voda, the Rising Deep",1,uncommon,Dominaria,66
"Syncopate",3,common,Dominaria,67
"Tempest Djinn",4,rare,Dominaria,68
"Tetsuko Umezawa, Fugitive",1,uncommon,Dominaria,69
"Tolarian Scholar",1,common,Dominaria,71
"Unwind",4,common,Dominaria,72
"Vodalian Arcanist",4,common,Dominaria,73
"Weight of Memory",1,uncommon,Dominaria,74
"Wizard's Retort",4,uncommon,Dominaria,75
"Zahid, Djinn of the Lamp",2,rare,Dominaria,76
"Blessing of Belzenlok",2,common,Dominaria,77
"Cabal Evangel",1,common,Dominaria,78
"Cabal Paladin",2,common,Dominaria,79
"Caligo Skin-Witch",1,common,Dominaria,80
"Cast Down",1,uncommon,Dominaria,81
"Chainer's Torment",1,uncommon,Dominaria,82
"Dark Bargain",1,common,Dominaria,83
"Deathbloom Thallid",4,common,Dominaria,84
"Demonic Vigor",4,common,Dominaria,85
"Demonlord Belzenlok",1,mythic,Dominaria,86
"Divest",4,common,Dominaria,87
"Dread Shade",1,rare,Dominaria,88
"Drudge Sentinel",2,common,Dominaria,89
"The Eldest Reborn",4,uncommon,Dominaria,90
"Feral Abomination",2,common,Dominaria,92
"Fungal Infection",4,common,Dominaria,94
"Kazarov, Sengir Pureblood",2,rare,Dominaria,96
"Rat Colony",2,common,Dominaria,101
"Rite of Belzenlok",1,rare,Dominaria,102
"Settle the Score",1,uncommon,Dominaria,103
"Soul Salvage",2,common,Dominaria,104
"Thallid Omnivore",3,common,Dominaria,106
"Torgaar, Famine Incarnate",2,rare,Dominaria,108
"Vicious Offering",3,common,Dominaria,110
"Whisper, Blood Liturgist",2,uncommon,Dominaria,111
"Windgrace Acolyte",2,common,Dominaria,112
"Yargle, Glutton of Urborg",1,uncommon,Dominaria,113
"Bloodstone Goblin",1,common,Dominaria,115
"Champion of the Flame",1,uncommon,Dominaria,116
"Fervent Strike",4,common,Dominaria,117
"Fiery Intervention",1,common,Dominaria,118
"Fight with Fire",2,uncommon,Dominaria,119
"Fire Elemental",1,common,Dominaria,120
"Firefist Adept",1,uncommon,Dominaria,121
"The Flame of Keld",1,uncommon,Dominaria,123
"Frenzied Rage",3,common,Dominaria,124
"Ghitu Journeymage",4,common,Dominaria,126
"Ghitu Lavarunner",4,common,Dominaria,127
"Goblin Barrage",1,uncommon,Dominaria,128
"Goblin Chainwhirler",4,rare,Dominaria,129
"Goblin Warchief",2,uncommon,Dominaria,130
"Jaya's Immolating Inferno",1,rare,Dominaria,133
"Keldon Overseer",4,common,Dominaria,134
"Keldon Raider",2,common,Dominaria,135
"Orcish Vandal",1,uncommon,Dominaria,137
"Radiating Lightning",4,common,Dominaria,138
"Rampaging Cyclops",1,common,Dominaria,139
"Run Amok",4,common,Dominaria,140
"Seismic Shift",3,common,Dominaria,141
"Shivan Fire",4,common,Dominaria,142
"Siege-Gang Commander",2,rare,Dominaria,143
"Skirk Prospector",3,common,Dominaria,144
"Skizzik",1,uncommon,Dominaria,145
"Warlord's Fury",4,common,Dominaria,151
"Wizard's Lightning",4,uncommon,Dominaria,152
"Adventurous Impulse",1,common,Dominaria,153
"Arbor Armament",3,common,Dominaria,155
"Baloth Gorger",1,common,Dominaria,156
"Broken Bond",4,common,Dominaria,157
"Corrosive Ooze",1,common,Dominaria,158
"Elfhame Druid",1,uncommon,Dominaria,159
"Gaea's Blessing",2,uncommon,Dominaria,161
"Gaea's Protector",1,common,Dominaria,162
"Gift of Growth",3,common,Dominaria,163
"Grow from the Ashes",2,common,Dominaria,164
"Grunn, the Lonely King",1,uncommon,Dominaria,165
"Krosan Druid",2,common,Dominaria,167
"Llanowar Elves",2,common,Dominaria,168
"Llanowar Envoy",3,common,Dominaria,169
"Llanowar Scout",3,common,Dominaria,170
"Mammoth Spider",2,common,Dominaria,171
"Marwyn, the Nurturer",2,rare,Dominaria,172
"The Mending of Dominaria",1,rare,Dominaria,173
"Nature's Spiral",1,uncommon,Dominaria,175
"Pierce the Sky",1,common,Dominaria,176
"Saproling Migration",3,common,Dominaria,178
"Spore Swarm",4,uncommon,Dominaria,180
"Sporecrown Thallid",1,uncommon,Dominaria,181
"Untamed Kavu",1,uncommon,Dominaria,186
"Verdant Force",1,rare,Dominaria,187
"Yavimaya Sapherd",3,common,Dominaria,189
"Grand Warlord Radha",1,rare,Dominaria,195
"Hallar, the Firefletcher",2,uncommon,Dominaria,196
"Jhoira, Weatherlight Captain",1,mythic,Dominaria,197
"Jodah, Archmage Eternal",1,rare,Dominaria,198
"Oath of Teferi",1,rare,Dominaria,200
"Shanna, Sisay's Legacy",1,uncommon,Dominaria,204
"Slimefoot, the Stowaway",1,uncommon,Dominaria,205
"Teferi, Hero of Dominaria",2,mythic,Dominaria,207
"Tiana, Ship's Caretaker",1,uncommon,Dominaria,208
"Amaranthine Wall",1,uncommon,Dominaria,210
"Blackblade Reforged",1,rare,Dominaria,211
"Damping Sphere",2,uncommon,Dominaria,213
"Guardians of Koilos",3,common,Dominaria,216
"Helm of the Host",2,rare,Dominaria,217
"Howling Golem",1,uncommon,Dominaria,218
"Icy Manipulator",1,uncommon,Dominaria,219
"Jhoira's Familiar",1,uncommon,Dominaria,220
"Jousting Lance",1,common,Dominaria,221
"Juggernaut",3,uncommon,Dominaria,222
"Navigator's Compass",1,common,Dominaria,225
"Pardic Wanderer",1,common,Dominaria,226
"Powerstone Shard",1,common,Dominaria,227
"Shield of the Realm",4,uncommon,Dominaria,228
"Sorcerer's Wand",3,uncommon,Dominaria,231
"Thran Temporal Gateway",1,rare,Dominaria,233
"Urza's Tome",1,uncommon,Dominaria,235
"Clifftop Retreat",1,rare,Dominaria,239
"Hinterland Harbor",1,rare,Dominaria,240
"Isolated Chapel",2,rare,Dominaria,241
"Memorial to Folly",4,uncommon,Dominaria,242
"Memorial to Genius",1,uncommon,Dominaria,243
"Memorial to Glory",1,uncommon,Dominaria,244
"Memorial to War",1,uncommon,Dominaria,246
"Sulfur Falls",1,rare,Dominaria,247
"Woodland Cemetery",1,rare,Dominaria,248
"Temporal Machinations",2,common,Dominaria,271
"Pyromantic Pilgrim",3,common,Dominaria,278
"Aegis of the Heavens",2,uncommon,Magic 2019,1
"Aethershield Artificer",4,uncommon,Magic 2019,2
"Ajani, Adversary of Tyrants",1,mythic,Magic 2019,3
"Ajani's Last Stand",2,rare,Magic 2019,4
"Ajani's Pridemate",4,uncommon,Magic 2019,5
"Ajani's Welcome",3,uncommon,Magic 2019,6
"Angel of the Dawn",1,common,Magic 2019,7
"Cavalry Drillmaster",3,common,Magic 2019,8
"Cleansing Nova",2,rare,Magic 2019,9
"Daybreak Chaplain",4,common,Magic 2019,10
"Dwarven Priest",4,common,Magic 2019,11
"Gallant Cavalry",3,common,Magic 2019,12
"Herald of Faith",3,uncommon,Magic 2019,13
"Hieromancer's Cage",4,uncommon,Magic 2019,14
"Inspired Charge",4,common,Magic 2019,15
"Isolate",2,rare,Magic 2019,17
"Knight of the Tusk",4,common,Magic 2019,18
"Knight's Pledge",4,common,Magic 2019,19
"Knightly Valor",3,uncommon,Magic 2019,20
"Lena, Selfless Champion",1,rare,Magic 2019,21
"Leonin Vanguard",4,uncommon,Magic 2019,22
"Leonin Warleader",3,rare,Magic 2019,23
"Loxodon Line Breaker",4,common,Magic 2019,24
"Make a Stand",2,uncommon,Magic 2019,26
"Mentor of the Meek",2,rare,Magic 2019,27
"Mighty Leap",2,common,Magic 2019,28
"Militia Bugler",4,uncommon,Magic 2019,29
"Novice Knight",4,uncommon,Magic 2019,30
"Oreskos Swiftclaw",4,common,Magic 2019,31
"Resplendent Angel",1,mythic,Magic 2019,34
"Revitalize",1,common,Magic 2019,35
"Star-Crowned Stag",4,common,Magic 2019,38
"Take Vengeance",4,common,Magic 2019,40
"Trusty Packbeast",2,common,Magic 2019,41
"Aether Tunnel",2,uncommon,Magic 2019,43
"Anticipate",3,common,Magic 2019,44
"Aven Wind Mage",4,common,Magic 2019,45
"Aviation Pioneer",4,common,Magic 2019,46
"Cancel",4,common,Magic 2019,48
"Departed Deckhand",4,uncommon,Magic 2019,49
"Disperse",4,common,Magic 2019,50
"Divination",3,common,Magic 2019,51
"Djinn of Wishes",2,rare,Magic 2019,52
"Dwindle",4,common,Magic 2019,53
"Essence Scatter",4,common,Magic 2019,54
"Exclusion Mage",2,uncommon,Magic 2019,55
"Frilled Sea Serpent",2,common,Magic 2019,56
"Gearsmith Prodigy",4,common,Magic 2019,57
"Ghostform",2,common,Magic 2019,58
"Horizon Scholar",1,uncommon,Magic 2019,59
"Mystic Archaeologist",1,rare,Magic 2019,63
"Omenspeaker",2,common,Magic 2019,64
"Omniscience",1,mythic,Magic 2019,65
"One with the Machine",2,rare,Magic 2019,66
"Patient Rebuilding",1,rare,Magic 2019,67
"Sai, Master Thopterist",2,rare,Magic 2019,69
"Salvager of Secrets",4,common,Magic 2019,70
"Scholar of Stars",4,common,Magic 2019,71
"Sift",4,uncommon,Magic 2019,72
"Sleep",4,uncommon,Magic 2019,74
"Snapping Drake",2,common,Magic 2019,75
"Surge Mare",3,uncommon,Magic 2019,77
"Switcheroo",3,uncommon,Magic 2019,78
"Tezzeret, Artifice Master",3,mythic,Magic 2019,79
"Tolarian Scholar",3,common,Magic 2019,80
"Totally Lost",1,common,Magic 2019,81
"Uncomfortable Chill",4,common,Magic 2019,82
"Wall of Mist",4,common,Magic 2019,83
"Windreader Sphinx",1,rare,Magic 2019,84
"Abnormal Endurance",2,common,Magic 2019,85
"Blood Divination",3,uncommon,Magic 2019,86
"Bogstomper",4,common,Magic 2019,87
"Child of Night",3,common,Magic 2019,89
"Death Baron",2,rare,Magic 2019,90
"Demon of Catastrophes",1,rare,Magic 2019,91
"Diregraf Ghoul",3,uncommon,Magic 2019,92
"Doomed Dissenter",4,common,Magic 2019,93
"Duress",4,common,Magic 2019,94
"Epicure of Blood",2,common,Magic 2019,95
"Fell Specter",3,uncommon,Magic 2019,96
"Gravedigger",4,uncommon,Magic 2019,98
"Hired Blade",4,common,Magic 2019,100
"Infectious Horror",4,common,Magic 2019,101
"Infernal Scarring",4,common,Magic 2019,103
"Isareth the Awakener",1,rare,Magic 2019,104
"Lich's Caress",3,common,Magic 2019,105
"Liliana, Untouched by Death",2,mythic,Magic 2019,106
"Liliana's Contract",1,rare,Magic 2019,107
"Macabre Waltz",1,common,Magic 2019,108
"Mind Rot",2,common,Magic 2019,109
"Murder",4,uncommon,Magic 2019,110
"Nightmare's Thirst",2,uncommon,Magic 2019,111
"Open the Graves",3,rare,Magic 2019,112
"Plague Mare",1,uncommon,Magic 2019,114
"Ravenous Harpy",4,uncommon,Magic 2019,115
"Reassembling Skeleton",3,uncommon,Magic 2019,116
"Rise from the Grave",4,uncommon,Magic 2019,117
"Skeleton Archer",3,common,Magic 2019,118
"Skymarch Bloodletter",4,common,Magic 2019,119
"Sovereign's Bite",2,common,Magic 2019,120
"Stitcher's Supplier",4,uncommon,Magic 2019,121
"Strangling Spores",4,common,Magic 2019,122
"Two-Headed Zombie",4,common,Magic 2019,123
"Vampire Neonate",3,common,Magic 2019,124
"Vampire Sovereign",3,uncommon,Magic 2019,125
"Walking Corpse",4,common,Magic 2019,126
"Act of Treason",4,common,Magic 2019,127
"Alpine Moon",3,rare,Magic 2019,128
"Banefire",2,rare,Magic 2019,130
"Boggart Brute",4,common,Magic 2019,131
"Catalyst Elemental",4,common,Magic 2019,132
"Crash Through",4,common,Magic 2019,133
"Dark-Dweller Oracle",2,rare,Magic 2019,134
"Demanding Dragon",1,rare,Magic 2019,135
"Dragon Egg",2,uncommon,Magic 2019,138
"Electrify",2,common,Magic 2019,139
"Fiery Finish",3,uncommon,Magic 2019,140
"Fire Elemental",3,common,Magic 2019,141
"Goblin Instigator",4,common,Magic 2019,142
"Goblin Motivator",3,common,Magic 2019,143
"Goblin Trashmaster",1,rare,Magic 2019,144
"Guttersnipe",2,uncommon,Magic 2019,145
"Havoc Devils",4,common,Magic 2019,146
"Hostile Minotaur",2,common,Magic 2019,147
"Inferno Hellion",3,uncommon,Magic 2019,148
"Lathliss, Dragon Queen",2,rare,Magic 2019,149
"Lava Axe",1,common,Magic 2019,150
"Lightning Mare",2,uncommon,Magic 2019,151
"Onakke Ogre",4,common,Magic 2019,153
"Sarkhan, Fireblood",1,mythic,Magic 2019,154
"Shock",4,common,Magic 2019,156
"Smelt",4,common,Magic 2019,158
"Sparktongue Dragon",4,common,Magic 2019,159
"Spit Flame",1,rare,Magic 2019,160
"Sure Strike",4,common,Magic 2019,161
"Tectonic Rift",2,uncommon,Magic 2019,162
"Thud",1,uncommon,Magic 2019,163
"Tormenting Voice",4,common,Magic 2019,164
"Trumpet Blast",4,common,Magic 2019,165
"Viashino Pyromancer",4,common,Magic 2019,166
"Volcanic Dragon",4,uncommon,Magic 2019,167
"Volley Veteran",4,uncommon,Magic 2019,168
"Blanchwood Armor",4,uncommon,Magic 2019,169
"Bristling Boar",4,common,Magic 2019,170
"Centaur Courser",3,common,Magic 2019,171
"Colossal Dreadmaw",4,common,Magic 2019,172
"Colossal Majesty",3,uncommon,Magic 2019,173
"Daggerback Basilisk",2,common,Magic 2019,174
"Declare Dominance",4,uncommon,Magic 2019,175
"Druid of Horns",3,uncommon,Magic 2019,176
"Druid of the Cowl",4,common,Magic 2019,177
"Dryad Greenseeker",3,uncommon,Magic 2019,178
"Elvish Clancaller",2,rare,Magic 2019,179
"Elvish Rejuvenator",4,common,Magic 2019,180
"Ghastbark Twins",3,uncommon,Magic 2019,181
"Ghirapur Guide",1,uncommon,Magic 2019,182
"Giant Spider",4,common,Magic 2019,183
"Gift of Paradise",2,uncommon,Magic 2019,184
"Gigantosaurus",1,rare,Magic 2019,185
"Goreclaw, Terror of Qal Sisma",2,rare,Magic 2019,186
"Greenwood Sentinel",4,common,Magic 2019,187
"Highland Game",4,common,Magic 2019,188
"Hungering Hydra",2,rare,Magic 2019,189
"Naturalize",3,common,Magic 2019,190
"Oakenform",4,common,Magic 2019,191
"Pelakka Wurm",1,rare,Magic 2019,192
"Plummet",2,common,Magic 2019,193
"Prodigious Growth",4,rare,Magic 2019,194
"Rabid Bite",4,common,Magic 2019,195
"Recollect",1,uncommon,Magic 2019,197
"Rhox Oracle",1,common,Magic 2019,198
"Root Snare",1,common,Magic 2019,199
"Runic Armasaur",1,rare,Magic 2019,200
"Talons of Wildwood",2,common,Magic 2019,202
"Thorn Lieutenant",2,rare,Magic 2019,203
"Thornhide Wolves",4,common,Magic 2019,204
"Titanic Growth",4,common,Magic 2019,205
"Vigilant Baloth",3,uncommon,Magic 2019,206
"Vine Mare",2,uncommon,Magic 2019,207
"Vivien's Invocation",2,rare,Magic 2019,209
"Wall of Vines",4,common,Magic 2019,210
"Aerial Engineer",4,uncommon,Magic 2019,211
"Brawl-Bash Ogre",4,uncommon,Magic 2019,213
"Draconic Disciple",4,uncommon,Magic 2019,215
"Enigma Drake",4,uncommon,Magic 2019,216
"Heroic Reinforcements",4,uncommon,Magic 2019,217
"Poison-Tip Archer",4,uncommon,Magic 2019,220
"Psychic Symbiont",3,uncommon,Magic 2019,221
"Satyr Enchanter",3,uncommon,Magic 2019,223
"Skyrider Patrol",1,uncommon,Magic 2019,224
"Amulet of Safekeeping",2,rare,Magic 2019,226
"Arcane Encyclopedia",4,uncommon,Magic 2019,227
"Chaos Wand",2,rare,Magic 2019,228
"Crucible of Worlds",2,mythic,Magic 2019,229
"Desecrated Tomb",1,rare,Magic 2019,230
"Diamond Mare",2,uncommon,Magic 2019,231
"Explosive Apparatus",2,common,Magic 2019,233
"Field Creeper",4,common,Magic 2019,234
"Fountain of Renewal",1,uncommon,Magic 2019,235
"Gearsmith Guardian",4,common,Magic 2019,237
"Manalith",3,common,Magic 2019,239
"Marauder's Axe",2,common,Magic 2019,240
"Meteor Golem",2,uncommon,Magic 2019,241
"Millstone",2,uncommon,Magic 2019,242
"Rogue's Gloves",1,uncommon,Magic 2019,243
"Skyscanner",4,common,Magic 2019,245
"Suspicious Bookcase",1,uncommon,Magic 2019,246
"Transmogrifying Wand",2,rare,Magic 2019,247
"Cinder Barrens",4,common,Magic 2019,248
"Detection Tower",2,rare,Magic 2019,249
"Forsaken Sanctuary",4,common,Magic 2019,250
"Foul Orchard",4,common,Magic 2019,251
"Highland Lake",4,common,Magic 2019,252
"Meandering River",4,common,Magic 2019,253
"Stone Quarry",4,common,Magic 2019,256
"Submerged Boneyard",4,common,Magic 2019,257
"Timber Gorge",4,common,Magic 2019,258
"Tranquil Expanse",4,common,Magic 2019,259
"Woodland Stream",4,common,Magic 2019,260
"Serra's Guardian",1,rare,Magic 2019,284
"Silverbeak Griffin",2,common,Magic 2019,285
"Riddlemaster Sphinx",2,rare,Magic 2019,287
"Gravewaker",2,rare,Magic 2019,293
"Kargan Dragonrider",3,common,Magic 2019,297
"Aggressive Mammoth",1,rare,Magic 2019,302
"Air Elemental",3,uncommon,Magic 2019,308
"Befuddle",1,common,Magic 2019,309
"Llanowar Elves",3,common,Magic 2019,314
"Blade Instructor",4,common,Guilds of Ravnica,1
"Bounty Agent",3,rare,Guilds of Ravnica,2
"Candlelight Vigil",4,common,Guilds of Ravnica,3
"Citywide Bust",4,rare,Guilds of Ravnica,4
"Collar the Culprit",4,common,Guilds of Ravnica,5
"Conclave Tribunal",4,uncommon,Guilds of Ravnica,6
"Crush Contraband",3,uncommon,Guilds of Ravnica,7
"Dawn of Hope",1,rare,Guilds of Ravnica,8
"Demotion",4,uncommon,Guilds of Ravnica,9
"Flight of Equenauts",3,uncommon,Guilds of Ravnica,11
"Gird for Battle",3,uncommon,Guilds of Ravnica,12
"Haazda Marshal",2,uncommon,Guilds of Ravnica,13
"Healer's Hawk",4,common,Guilds of Ravnica,14
"Hunted Witness",4,common,Guilds of Ravnica,15
"Inspiring Unicorn",2,uncommon,Guilds of Ravnica,16
"Intrusive Packbeast",4,common,Guilds of Ravnica,17
"Ledev Guardian",3,common,Guilds of Ravnica,18
"Light of the Legion",1,rare,Guilds of Ravnica,19
"Loxodon Restorer",4,common,Guilds of Ravnica,20
"Luminous Bonds",4,common,Guilds of Ravnica,21
"Parhelion Patrol",4,common,Guilds of Ravnica,22
"Righteous Blow",4,common,Guilds of Ravnica,23
"Roc Charger",2,uncommon,Guilds of Ravnica,24
"Skyline Scout",2,common,Guilds of Ravnica,25
"Sunhome Stalwart",4,uncommon,Guilds of Ravnica,26
"Sworn Companions",4,common,Guilds of Ravnica,27
"Take Heart",3,common,Guilds of Ravnica,28
"Tenth District Guard",4,common,Guilds of Ravnica,29
"Capture Sphere",4,common,Guilds of Ravnica,31
"Chemister's Insight",4,uncommon,Guilds of Ravnica,32
"Citywatch Sphinx",2,uncommon,Guilds of Ravnica,33
"Dazzling Lights",4,common,Guilds of Ravnica,34
"Devious Cover-Up",4,common,Guilds of Ravnica,35
"Dimir Informant",3,common,Guilds of Ravnica,36
"Disdainful Stroke",4,common,Guilds of Ravnica,37
"Dream Eater",1,mythic,Guilds of Ravnica,38
"Drowned Secrets",1,rare,Guilds of Ravnica,39
"Enhanced Surveillance",4,uncommon,Guilds of Ravnica,40
"Guild Summit",4,uncommon,Guilds of Ravnica,41
"Leapfrog",4,common,Guilds of Ravnica,42
"Maximize Altitude",2,common,Guilds of Ravnica,43
"Mission Briefing",4,rare,Guilds of Ravnica,44
"Murmuring Mystic",2,uncommon,Guilds of Ravnica,45
"Muse Drake",4,common,Guilds of Ravnica,46
"Nightveil Sprite",4,uncommon,Guilds of Ravnica,48
"Omnispell Adept",2,rare,Guilds of Ravnica,49
"Passwall Adept",4,common,Guilds of Ravnica,50
"Quasiduplicate",1,rare,Guilds of Ravnica,51
"Radical Idea",4,common,Guilds of Ravnica,52
"Selective Snare",4,uncommon,Guilds of Ravnica,53
"Sinister Sabotage",4,uncommon,Guilds of Ravnica,54
"Thoughtbound Phantasm",2,uncommon,Guilds of Ravnica,55
"Unexplained Disappearance",4,common,Guilds of Ravnica,56
"Vedalken Mesmerist",4,common,Guilds of Ravnica,57
"Wall of Mist",4,common,Guilds of Ravnica,58
"Watcher in the Mist",2,common,Guilds of Ravnica,59
"Wishcoin Crab",3,common,Guilds of Ravnica,60
"Barrier of Bones",3,common,Guilds of Ravnica,61
"Bartizan Bats",3,common,Guilds of Ravnica,62
"Blood Operative",1,rare,Guilds of Ravnica,63
"Burglar Rat",4,common,Guilds of Ravnica,64
"Child of Night",4,common,Guilds of Ravnica,65
"Creeping Chill",4,uncommon,Guilds of Ravnica,66
"Dead Weight",2,common,Guilds of Ravnica,67
"Deadly Visit",4,common,Guilds of Ravnica,68
"Doom Whisperer",1,mythic,Guilds of Ravnica,69
"Douser of Lights",4,common,Guilds of Ravnica,70
"Gruesome Menagerie",3,rare,Guilds of Ravnica,71
"Hired Poisoner",4,common,Guilds of Ravnica,72
"Kraul Swarm",4,uncommon,Guilds of Ravnica,73
"Lotleth Giant",1,uncommon,Guilds of Ravnica,74
"Mephitic Vapors",4,common,Guilds of Ravnica,76
"Midnight Reaper",1,rare,Guilds of Ravnica,77
"Moodmark Painter",2,common,Guilds of Ravnica,78
"Necrotic Wound",4,uncommon,Guilds of Ravnica,79
"Never Happened",4,common,Guilds of Ravnica,80
"Pilfering Imp",3,uncommon,Guilds of Ravnica,81
"Plaguecrafter",4,uncommon,Guilds of Ravnica,82
"Ritual of Soot",1,rare,Guilds of Ravnica,84
"Severed Strands",4,common,Guilds of Ravnica,85
"Spinal Centipede",4,common,Guilds of Ravnica,86
"Undercity Necrolisk",3,uncommon,Guilds of Ravnica,87
"Veiled Shade",4,common,Guilds of Ravnica,88
"Vicious Rumors",4,common,Guilds of Ravnica,89
"Whispering Snitch",3,uncommon,Guilds of Ravnica,90
"Arclight Phoenix",4,mythic,Guilds of Ravnica,91
"Barging Sergeant",1,common,Guilds of Ravnica,92
"Book Devourer",2,uncommon,Guilds of Ravnica,93
"Command the Storm",3,common,Guilds of Ravnica,94
"Cosmotronic Wave",4,common,Guilds of Ravnica,95
"Direct Current",4,common,Guilds of Ravnica,96
"Electrostatic Field",2,uncommon,Guilds of Ravnica,97
"Erratic Cyclops",2,rare,Guilds of Ravnica,98
"Experimental Frenzy",2,rare,Guilds of Ravnica,99
"Fearless Halberdier",4,common,Guilds of Ravnica,100
"Fire Urchin",4,common,Guilds of Ravnica,101
"Goblin Banneret",4,uncommon,Guilds of Ravnica,102
"Goblin Locksmith",3,common,Guilds of Ravnica,104
"Gravitic Punch",4,common,Guilds of Ravnica,105
"Hellkite Whelp",4,uncommon,Guilds of Ravnica,106
"Inescapable Blaze",3,uncommon,Guilds of Ravnica,107
"Lava Coil",4,uncommon,Guilds of Ravnica,108
"Maniacal Rage",4,common,Guilds of Ravnica,110
"Maximize Velocity",4,common,Guilds of Ravnica,111
"Ornery Goblin",4,common,Guilds of Ravnica,112
"Risk Factor",3,rare,Guilds of Ravnica,113
"Rubblebelt Boar",2,common,Guilds of Ravnica,114
"Runaway Steam-Kin",4,rare,Guilds of Ravnica,115
"Smelt-Ward Minotaur",3,uncommon,Guilds of Ravnica,116
"Sure Strike",4,common,Guilds of Ravnica,118
"Torch Courier",4,common,Guilds of Ravnica,119
"Wojek Bodyguard",4,common,Guilds of Ravnica,120
"Affectionate Indrik",1,uncommon,Guilds of Ravnica,121
"Beast Whisperer",3,rare,Guilds of Ravnica,123
"Bounty of Might",2,rare,Guilds of Ravnica,124
"Circuitous Route",4,uncommon,Guilds of Ravnica,125
"Crushing Canopy",3,common,Guilds of Ravnica,126
"Devkarin Dissident",4,common,Guilds of Ravnica,127
"District Guide",3,uncommon,Guilds of Ravnica,128
"Generous Stray",4,common,Guilds of Ravnica,129
"Golgari Raiders",1,uncommon,Guilds of Ravnica,130
"Hatchery Spider",2,rare,Guilds of Ravnica,132
"Hitchclaw Recluse",4,common,Guilds of Ravnica,133
"Ironshell Beetle",2,common,Guilds of Ravnica,134
"Kraul Foragers",4,common,Guilds of Ravnica,135
"Kraul Harpooner",4,uncommon,Guilds of Ravnica,136
"Might of the Masses",1,uncommon,Guilds of Ravnica,137
"Pack's Favor",4,common,Guilds of Ravnica,139
"Pause for Reflection",4,common,Guilds of Ravnica,140
"Pelt Collector",1,rare,Guilds of Ravnica,141
"Portcullis Vine",4,common,Guilds of Ravnica,142
"Prey Upon",3,common,Guilds of Ravnica,143
"Siege Wurm",4,common,Guilds of Ravnica,144
"Sprouting Renewal",4,uncommon,Guilds of Ravnica,145
"Urban Utopia",4,common,Guilds of Ravnica,146
"Vigorspore Wurm",4,common,Guilds of Ravnica,147
"Vivid Revival",4,rare,Guilds of Ravnica,148
"Wary Okapi",4,common,Guilds of Ravnica,149
"Wild Ceratok",3,common,Guilds of Ravnica,150
"Artful Takedown",4,common,Guilds of Ravnica,151
"Beacon Bolt",4,uncommon,Guilds of Ravnica,154
"Beamsplitter Mage",3,uncommon,Guilds of Ravnica,155
"Boros Challenger",1,uncommon,Guilds of Ravnica,156
"Camaraderie",1,rare,Guilds of Ravnica,157
"Centaur Peacemaker",4,common,Guilds of Ravnica,158
"Chance for Glory",3,mythic,Guilds of Ravnica,159
"Charnel Troll",2,rare,Guilds of Ravnica,160
"Conclave Cavalier",4,uncommon,Guilds of Ravnica,161
"Conclave Guildmage",3,uncommon,Guilds of Ravnica,162
"Crackling Drake",4,uncommon,Guilds of Ravnica,163
"Darkblade Agent",4,common,Guilds of Ravnica,164
"Deafening Clarion",4,rare,Guilds of Ravnica,165
"Dimir Spybug",4,uncommon,Guilds of Ravnica,166
"Disinformation Campaign",4,uncommon,Guilds of Ravnica,167
"Erstwhile Trooper",4,common,Guilds of Ravnica,169
"Etrata, the Silencer",1,rare,Guilds of Ravnica,170
"Firemind's Research",1,rare,Guilds of Ravnica,171
"Garrison Sergeant",4,common,Guilds of Ravnica,172
"Glowspore Shaman",4,uncommon,Guilds of Ravnica,173
"Goblin Electromancer",4,common,Guilds of Ravnica,174
"Golgari Findbroker",3,uncommon,Guilds of Ravnica,175
"Hammer Dropper",4,common,Guilds of Ravnica,176
"House Guildmage",2,uncommon,Guilds of Ravnica,177
"Hypothesizzle",4,common,Guilds of Ravnica,178
"Ionize",3,rare,Guilds of Ravnica,179
"Izoni, Thousand-Eyed",1,rare,Guilds of Ravnica,180
"Join Shields",2,uncommon,Guilds of Ravnica,181
"Justice Strike",2,uncommon,Guilds of Ravnica,182
"Knight of Autumn",4,rare,Guilds of Ravnica,183
"League Guildmage",1,uncommon,Guilds of Ravnica,185
"Ledev Champion",4,uncommon,Guilds of Ravnica,186
"March of the Multitudes",1,mythic,Guilds of Ravnica,188
"Molderhulk",4,uncommon,Guilds of Ravnica,190
"Nightveil Predator",4,uncommon,Guilds of Ravnica,191
"Niv-Mizzet, Parun",3,rare,Guilds of Ravnica,192
"Notion Rain",4,common,Guilds of Ravnica,193
"Ochran Assassin",4,uncommon,Guilds of Ravnica,194
"Ral, Izzet Viceroy",1,mythic,Guilds of Ravnica,195
"Rhizome Lurcher",3,common,Guilds of Ravnica,196
"Rosemane Centaur",4,common,Guilds of Ravnica,197
"Skyknight Legionnaire",3,common,Guilds of Ravnica,198
"Sonic Assault",3,common,Guilds of Ravnica,199
"Sumala Woodshaper",3,common,Guilds of Ravnica,200
"Swathcutter Giant",4,uncommon,Guilds of Ravnica,202
"Swiftblade Vindicator",2,rare,Guilds of Ravnica,203
"Tajic, Legion's Edge",1,rare,Guilds of Ravnica,204
"Thief of Sanity",3,rare,Guilds of Ravnica,205
"Thought Erasure",3,uncommon,Guilds of Ravnica,206
"Thousand-Year Storm",2,mythic,Guilds of Ravnica,207
"Truefire Captain",3,uncommon,Guilds of Ravnica,209
"Undercity Uprising",3,common,Guilds of Ravnica,210
"Unmoored Ego",2,rare,Guilds of Ravnica,212
"Vraska, Golgari Queen",2,mythic,Guilds of Ravnica,213
"Wee Dragonauts",1,uncommon,Guilds of Ravnica,214
"Worldsoul Colossus",3,uncommon,Guilds of Ravnica,215
"Fresh-Faced Recruit",3,common,Guilds of Ravnica,216
"Piston-Fist Cyclops",3,common,Guilds of Ravnica,217
"Pitiless Gorgon",4,common,Guilds of Ravnica,218
"Vernadi Shieldmate",4,common,Guilds of Ravnica,219
"Whisper Agent",4,common,Guilds of Ravnica,220
"Assure // Assemble",3,rare,Guilds of Ravnica,221
"Connive // Concoct",1,rare,Guilds of Ravnica,222
"Discovery // Dispersal",4,uncommon,Guilds of Ravnica,223
"Expansion // Explosion",2,rare,Guilds of Ravnica,224
"Find // Finality",1,rare,Guilds of Ravnica,225
"Flower // Flourish",4,uncommon,Guilds of Ravnica,226
"Integrity // Intervention",2,uncommon,Guilds of Ravnica,227
"Invert // Invent",3,uncommon,Guilds of Ravnica,228
"Response // Resurgence",1,rare,Guilds of Ravnica,229
"Status // Statue",2,uncommon,Guilds of Ravnica,230
"Boros Locket",3,common,Guilds of Ravnica,231
"Chamber Sentry",2,rare,Guilds of Ravnica,232
"Chromatic Lantern",1,rare,Guilds of Ravnica,233
"Dimir Locket",2,common,Guilds of Ravnica,234
"Gatekeeper Gargoyle",1,uncommon,Guilds of Ravnica,235
"Glaive of the Guildpact",3,uncommon,Guilds of Ravnica,236
"Golgari Locket",4,common,Guilds of Ravnica,237
"Izzet Locket",4,common,Guilds of Ravnica,238
"Rampaging Monument",3,uncommon,Guilds of Ravnica,239
"Selesnya Locket",3,common,Guilds of Ravnica,240
"Silent Dart",2,uncommon,Guilds of Ravnica,241
"Boros Guildgate",4,common,Guilds of Ravnica,243
"Boros Guildgate",4,common,Guilds of Ravnica,244
"Dimir Guildgate",4,common,Guilds of Ravnica,245
"Dimir Guildgate",4,common,Guilds of Ravnica,246
"Gateway Plaza",4,common,Guilds of Ravnica,247
"Golgari Guildgate",4,common,Guilds of Ravnica,248
"Golgari Guildgate",4,common,Guilds of Ravnica,249
"Guildmages' Forum",1,rare,Guilds of Ravnica,250
"Izzet Guildgate",4,common,Guilds of Ravnica,251
"Izzet Guildgate",4,common,Guilds of Ravnica,252
"Overgrown Tomb",2,rare,Guilds of Ravnica,253
"Sacred Foundry",2,rare,Guilds of Ravnica,254
"Selesnya Guildgate",4,common,Guilds of Ravnica,255
"Selesnya Guildgate",4,common,Guilds of Ravnica,256
"Steam Vents",2,rare,Guilds of Ravnica,257
"Temple Garden",2,rare,Guilds of Ravnica,258
"Spiritual Guardian",1,common,Arena,11
"Tactical Advantage",3,common,Arena,12
"Confront the Assault",1,uncommon,Arena,3
"Angelic Reward",1,uncommon,Arena,1
"Inspiring Commander",1,rare,Arena,5
"Angel of Grace",1,mythic,Ravnica Allegiance,1
"Angelic Exaltation",3,uncommon,Ravnica Allegiance,2
"Archway Angel",4,uncommon,Ravnica Allegiance,3
"Arrester's Zeal",4,common,Ravnica Allegiance,4
"Bring to Trial",4,common,Ravnica Allegiance,5
"Civic Stalwart",4,common,Ravnica Allegiance,6
"Concordia Pegasus",4,common,Ravnica Allegiance,7
"Expose to Daylight",4,common,Ravnica Allegiance,8
"Forbidding Spirit",4,uncommon,Ravnica Allegiance,9
"Haazda Officer",4,common,Ravnica Allegiance,10
"Hero of Precinct One",2,rare,Ravnica Allegiance,11
"Impassioned Orator",4,common,Ravnica Allegiance,12
"Justiciar's Portal",4,common,Ravnica Allegiance,13
"Knight of Sorrows",4,common,Ravnica Allegiance,14
"Lumbering Battlement",2,rare,Ravnica Allegiance,15
"Ministrant of Obligation",2,uncommon,Ravnica Allegiance,16
"Prowling Caracal",4,common,Ravnica Allegiance,17
"Rally to Battle",4,uncommon,Ravnica Allegiance,18
"Resolute Watchdog",4,uncommon,Ravnica Allegiance,19
"Sentinel's Mark",1,uncommon,Ravnica Allegiance,20
"Sky Tether",2,uncommon,Ravnica Allegiance,21
"Smothering Tithe",2,rare,Ravnica Allegiance,22
"Spirit of the Spires",3,uncommon,Ravnica Allegiance,23
"Summary Judgment",4,common,Ravnica Allegiance,24
"Syndicate Messenger",4,common,Ravnica Allegiance,25
"Tenth District Veteran",4,common,Ravnica Allegiance,26
"Tithe Taker",2,rare,Ravnica Allegiance,27
"Twilight Panther",4,common,Ravnica Allegiance,28
"Watchful Giant",4,common,Ravnica Allegiance,30
"Arrester's Admonition",4,common,Ravnica Allegiance,31
"Benthic Biomancer",2,rare,Ravnica Allegiance,32
"Chillbringer",4,common,Ravnica Allegiance,33
"Clear the Mind",4,common,Ravnica Allegiance,34
"Code of Constraint",2,uncommon,Ravnica Allegiance,35
"Coral Commando",3,common,Ravnica Allegiance,36
"Essence Capture",3,uncommon,Ravnica Allegiance,37
"Eyes Everywhere",4,uncommon,Ravnica Allegiance,38
"Faerie Duelist",4,common,Ravnica Allegiance,39
"Gateway Sneak",4,uncommon,Ravnica Allegiance,40
"Humongulus",3,common,Ravnica Allegiance,41
"Mass Manipulation",4,rare,Ravnica Allegiance,42
"Mesmerizing Benthid",2,mythic,Ravnica Allegiance,43
"Persistent Petitioners",4,common,Ravnica Allegiance,44
"Precognitive Perception",1,rare,Ravnica Allegiance,45
"Prying Eyes",4,common,Ravnica Allegiance,46
"Pteramander",4,uncommon,Ravnica Allegiance,47
"Quench",4,common,Ravnica Allegiance,48
"Sage's Row Savant",4,common,Ravnica Allegiance,49
"Senate Courier",4,common,Ravnica Allegiance,50
"Shimmer of Possibility",4,common,Ravnica Allegiance,51
"Skatewing Spy",3,uncommon,Ravnica Allegiance,52
"Skitter Eel",4,common,Ravnica Allegiance,53
"Slimebind",4,common,Ravnica Allegiance,54
"Sphinx of Foresight",2,rare,Ravnica Allegiance,55
"Swirling Torrent",3,uncommon,Ravnica Allegiance,56
"Thought Collapse",4,common,Ravnica Allegiance,57
"Verity Circle",2,rare,Ravnica Allegiance,58
"Wall of Lost Thoughts",4,uncommon,Ravnica Allegiance,59
"Windstorm Drake",4,uncommon,Ravnica Allegiance,60
"Awaken the Erstwhile",1,rare,Ravnica Allegiance,61
"Bankrupt in Blood",2,uncommon,Ravnica Allegiance,62
"Blade Juggler",4,common,Ravnica Allegiance,63
"Bladebrand",4,common,Ravnica Allegiance,64
"Bloodmist Infiltrator",2,uncommon,Ravnica Allegiance,65
"Carrion Imp",4,common,Ravnica Allegiance,66
"Catacomb Crocodile",4,common,Ravnica Allegiance,67
"Clear the Stage",3,uncommon,Ravnica Allegiance,68
"Consign to the Pit",4,common,Ravnica Allegiance,69
"Cry of the Carnarium",1,uncommon,Ravnica Allegiance,70
"Dead Revels",4,common,Ravnica Allegiance,71
"Debtors' Transport",4,common,Ravnica Allegiance,72
"Drill Bit",3,uncommon,Ravnica Allegiance,73
"Font of Agonies",3,rare,Ravnica Allegiance,74
"Grotesque Demise",4,common,Ravnica Allegiance,75
"Gutterbones",4,rare,Ravnica Allegiance,76
"Ill-Gotten Inheritance",4,common,Ravnica Allegiance,77
"Noxious Groodion",4,common,Ravnica Allegiance,78
"Orzhov Enforcer",2,uncommon,Ravnica Allegiance,79
"Orzhov Racketeers",4,uncommon,Ravnica Allegiance,80
"Pestilent Spirit",2,rare,Ravnica Allegiance,81
"Plague Wight",4,common,Ravnica Allegiance,82
"Priest of Forgotten Gods",4,rare,Ravnica Allegiance,83
"Rakdos Trumpeter",4,common,Ravnica Allegiance,84
"Spire Mangler",4,uncommon,Ravnica Allegiance,86
"Thirsting Shade",4,common,Ravnica Allegiance,87
"Undercity Scavenger",4,common,Ravnica Allegiance,88
"Undercity's Embrace",4,common,Ravnica Allegiance,89
"Vindictive Vampire",3,uncommon,Ravnica Allegiance,90
"Act of Treason",4,common,Ravnica Allegiance,91
"Amplifire",2,rare,Ravnica Allegiance,92
"Burn Bright",4,common,Ravnica Allegiance,93
"Burning-Tree Vandal",4,common,Ravnica Allegiance,94
"Cavalcade of Calamity",2,uncommon,Ravnica Allegiance,95
"Clamor Shaman",4,uncommon,Ravnica Allegiance,96
"Dagger Caster",3,uncommon,Ravnica Allegiance,97
"Deface",4,common,Ravnica Allegiance,98
"Electrodominance",3,rare,Ravnica Allegiance,99
"Feral Maaka",4,common,Ravnica Allegiance,100
"Flames of the Raze-Boar",1,uncommon,Ravnica Allegiance,101
"Gates Ablaze",4,uncommon,Ravnica Allegiance,102
"Ghor-Clan Wrecker",4,common,Ravnica Allegiance,103
"Goblin Gathering",4,common,Ravnica Allegiance,104
"Gravel-Hide Goblin",4,common,Ravnica Allegiance,105
"Immolation Shaman",2,rare,Ravnica Allegiance,106
"Light Up the Stage",4,uncommon,Ravnica Allegiance,107
"Mirror March",1,rare,Ravnica Allegiance,108
"Rix Maadi Reveler",3,rare,Ravnica Allegiance,109
"Rubble Reading",4,common,Ravnica Allegiance,110
"Rubblebelt Recluse",4,common,Ravnica Allegiance,111
"Rumbling Ruin",2,uncommon,Ravnica Allegiance,112
"Scorchmark",4,common,Ravnica Allegiance,113
"Skarrgan Hellkite",1,mythic,Ravnica Allegiance,114
"Skewer the Critics",4,common,Ravnica Allegiance,115
"Smelt-Ward Ignus",1,uncommon,Ravnica Allegiance,116
"Spear Spewer",4,common,Ravnica Allegiance,117
"Spikewheel Acrobat",4,common,Ravnica Allegiance,118
"Storm Strike",4,common,Ravnica Allegiance,119
"Tin Street Dodger",3,uncommon,Ravnica Allegiance,120
"Axebane Beast",4,common,Ravnica Allegiance,121
"Biogenic Ooze",2,mythic,Ravnica Allegiance,122
"Biogenic Upgrade",2,uncommon,Ravnica Allegiance,123
"End-Raze Forerunners",1,rare,Ravnica Allegiance,124
"Enraged Ceratok",3,uncommon,Ravnica Allegiance,125
"Gatebreaker Ram",4,uncommon,Ravnica Allegiance,126
"Gift of Strength",4,common,Ravnica Allegiance,127
"Growth-Chamber Guardian",2,rare,Ravnica Allegiance,128
"Gruul Beastmaster",2,uncommon,Ravnica Allegiance,129
"Mammoth Spider",4,common,Ravnica Allegiance,132
"Open the Gates",4,common,Ravnica Allegiance,133
"Rampage of the Clans",3,rare,Ravnica Allegiance,134
"Rampaging Rendhorn",4,common,Ravnica Allegiance,135
"Regenesis",4,uncommon,Ravnica Allegiance,136
"Root Snare",4,common,Ravnica Allegiance,137
"Sagittars' Volley",3,common,Ravnica Allegiance,138
"Saruli Caretaker",4,common,Ravnica Allegiance,139
"Sauroform Hybrid",4,common,Ravnica Allegiance,140
"Silhana Wayfinder",1,uncommon,Ravnica Allegiance,141
"Steeple Creeper",4,common,Ravnica Allegiance,142
"Stony Strength",4,common,Ravnica Allegiance,143
"Sylvan Brushstrider",4,common,Ravnica Allegiance,144
"Territorial Boar",4,common,Ravnica Allegiance,145
"Titanic Brawl",4,common,Ravnica Allegiance,146
"Tower Defense",4,uncommon,Ravnica Allegiance,147
"Trollbred Guardian",3,uncommon,Ravnica Allegiance,148
"Wilderness Reclamation",4,uncommon,Ravnica Allegiance,149
"Wrecking Beast",4,common,Ravnica Allegiance,150
"Absorb",3,rare,Ravnica Allegiance,151
"Aeromunculus",4,common,Ravnica Allegiance,152
"Applied Biomancy",4,common,Ravnica Allegiance,153
"Azorius Knight-Arbiter",4,common,Ravnica Allegiance,154
"Azorius Skyguard",4,uncommon,Ravnica Allegiance,155
"Basilica Bell-Haunt",4,uncommon,Ravnica Allegiance,156
"Bedevil",3,rare,Ravnica Allegiance,157
"Biomancer's Familiar",2,rare,Ravnica Allegiance,158
"Bolrac-Clan Crusher",1,uncommon,Ravnica Allegiance,159
"Cindervines",1,rare,Ravnica Allegiance,161
"Clan Guildmage",2,uncommon,Ravnica Allegiance,162
"Combine Guildmage",1,uncommon,Ravnica Allegiance,163
"Cult Guildmage",4,uncommon,Ravnica Allegiance,164
"Deputy of Detention",2,rare,Ravnica Allegiance,165
"Domri, Chaos Bringer",2,mythic,Ravnica Allegiance,166
"Dovin's Acuity",4,uncommon,Ravnica Allegiance,168
"Emergency Powers",1,mythic,Ravnica Allegiance,169
"Ethereal Absolution",2,rare,Ravnica Allegiance,170
"Final Payment",4,common,Ravnica Allegiance,171
"Fireblade Artist",4,uncommon,Ravnica Allegiance,172
"Frenzied Arynx",4,common,Ravnica Allegiance,173
"Frilled Mystic",3,uncommon,Ravnica Allegiance,174
"Galloping Lizrog",2,uncommon,Ravnica Allegiance,175
"Get the Point",4,common,Ravnica Allegiance,176
"Grasping Thrull",4,common,Ravnica Allegiance,177
"Growth Spiral",4,common,Ravnica Allegiance,178
"Gruul Spellbreaker",1,rare,Ravnica Allegiance,179
"Gyre Engineer",4,uncommon,Ravnica Allegiance,180
"Hackrobat",2,uncommon,Ravnica Allegiance,181
"High Alert",1,uncommon,Ravnica Allegiance,182
"Hydroid Krasis",4,mythic,Ravnica Allegiance,183
"Imperious Oligarch",4,common,Ravnica Allegiance,184
"Judith, the Scourge Diva",2,rare,Ravnica Allegiance,185
"Kaya's Wrath",2,rare,Ravnica Allegiance,187
"Knight of the Last Breath",4,uncommon,Ravnica Allegiance,188
"Lavinia, Azorius Renegade",3,rare,Ravnica Allegiance,189
"Lawmage's Binding",4,common,Ravnica Allegiance,190
"Macabre Mockery",1,uncommon,Ravnica Allegiance,191
"Mortify",4,uncommon,Ravnica Allegiance,192
"Nikya of the Old Ways",1,rare,Ravnica Allegiance,193
"Pitiless Pontiff",1,uncommon,Ravnica Allegiance,194
"Prime Speaker Vannifar",1,mythic,Ravnica Allegiance,195
"Rafter Demon",4,common,Ravnica Allegiance,196
"Rakdos Firewheeler",4,uncommon,Ravnica Allegiance,197
"Rakdos Roustabout",4,common,Ravnica Allegiance,198
"Rakdos, the Showstopper",4,mythic,Ravnica Allegiance,199
"Ravager Wurm",1,mythic,Ravnica Allegiance,200
"Rhythm of the Wild",2,uncommon,Ravnica Allegiance,201
"Rubblebelt Runner",4,common,Ravnica Allegiance,202
"Savage Smash",4,common,Ravnica Allegiance,203
"Senate Guildmage",4,uncommon,Ravnica Allegiance,204
"Seraph of the Scales",1,mythic,Ravnica Allegiance,205
"Sharktocrab",3,uncommon,Ravnica Allegiance,206
"Simic Ascendancy",4,rare,Ravnica Allegiance,207
"Sphinx of New Prahv",3,uncommon,Ravnica Allegiance,208
"Sphinx's Insight",4,common,Ravnica Allegiance,209
"Syndicate Guildmage",1,uncommon,Ravnica Allegiance,211
"Teysa Karlov",1,rare,Ravnica Allegiance,212
"Theater of Horrors",1,rare,Ravnica Allegiance,213
"Zegana, Utopian Speaker",1,rare,Ravnica Allegiance,214
"Zhur-Taa Goblin",1,uncommon,Ravnica Allegiance,215
"Footlight Fiend",4,common,Ravnica Allegiance,216
"Rubble Slinger",4,common,Ravnica Allegiance,217
"Scuttlegator",4,common,Ravnica Allegiance,218
"Senate Griffin",2,common,Ravnica Allegiance,219
"Vizkopa Vampire",4,common,Ravnica Allegiance,220
"Bedeck // Bedazzle",1,rare,Ravnica Allegiance,221
"Carnival // Carnage",4,uncommon,Ravnica Allegiance,222
"Collision // Colossus",3,uncommon,Ravnica Allegiance,223
"Consecrate // Consume",3,uncommon,Ravnica Allegiance,224
"Depose // Deploy",4,uncommon,Ravnica Allegiance,225
"Incubation // Incongruity",1,uncommon,Ravnica Allegiance,226
"Repudiate // Replicate",2,rare,Ravnica Allegiance,227
"Revival // Revenge",1,rare,Ravnica Allegiance,228
"Thrash // Threat",2,rare,Ravnica Allegiance,229
"Azorius Locket",4,common,Ravnica Allegiance,231
"Gate Colossus",4,uncommon,Ravnica Allegiance,232
"Glass of the Guildpact",1,rare,Ravnica Allegiance,233
"Gruul Locket",4,common,Ravnica Allegiance,234
"Junktroller",2,uncommon,Ravnica Allegiance,235
"Orzhov Locket",4,common,Ravnica Allegiance,236
"Rakdos Locket",4,common,Ravnica Allegiance,237
"Scrabbling Claws",4,uncommon,Ravnica Allegiance,238
"Screaming Shield",3,uncommon,Ravnica Allegiance,239
"Simic Locket",4,common,Ravnica Allegiance,240
"Sphinx of the Guildpact",2,uncommon,Ravnica Allegiance,241
"Tome of the Guildpact",1,rare,Ravnica Allegiance,242
"Azorius Guildgate",3,common,Ravnica Allegiance,243
"Azorius Guildgate",4,common,Ravnica Allegiance,244
"Blood Crypt",3,rare,Ravnica Allegiance,245
"Breeding Pool",4,rare,Ravnica Allegiance,246
"Gateway Plaza",2,common,Ravnica Allegiance,247
"Gruul Guildgate",4,common,Ravnica Allegiance,249
"Gruul Guildgate",1,common,Ravnica Allegiance,250
"Hallowed Fountain",2,rare,Ravnica Allegiance,251
"Orzhov Guildgate",4,common,Ravnica Allegiance,252
"Orzhov Guildgate",3,common,Ravnica Allegiance,253
"Plaza of Harmony",4,rare,Ravnica Allegiance,254
"Rakdos Guildgate",4,common,Ravnica Allegiance,255
"Rakdos Guildgate",4,common,Ravnica Allegiance,256
"Simic Guildgate",4,common,Ravnica Allegiance,257
"Simic Guildgate",4,common,Ravnica Allegiance,258
"Firemind's Research",1,rare,Guilds of Ravnica,171
"Llanowar Elves",1,common,Dominaria,168
"Duress",3,common,Magic 2019,94
